{"cameraMode":{"drawMode":0,"name":"Shaded","section":"Shading Mode"},"sceneLighting":true,"audioPlay":false,"sceneViewState":{"showFog":true,"showMaterialUpdate":false,"showSkybox":false,"showFlares":true,"showImageEffects":true,"showParticleSystems":true,"showVisualEffectGraphs":true,"m_FxEnabled":true},"in2DMode":false,"pivot":{"x":-0.6900209188461304,"y":0.6525564193725586,"z":0.26434803009033205},"rotation":{"x":-0.18256215751171113,"y":-0.008840254507958889,"z":0.0016440084436908365,"w":-0.9831596612930298},"size":2.5154285430908205,"orthographic":false}