{"cameraMode":{"drawMode":0,"name":"Shaded","section":"Shading Mode"},"sceneLighting":true,"audioPlay":false,"sceneViewState":{"showFog":true,"showMaterialUpdate":false,"showSkybox":true,"showFlares":true,"showImageEffects":true,"showParticleSystems":true,"showVisualEffectGraphs":true,"m_FxEnabled":true},"in2DMode":false,"pivot":{"x":180.31455993652345,"y":357.2369079589844,"z":16.13128662109375},"rotation":{"x":-0.014081538654863835,"y":-0.047969039529561999,"z":0.0006786308949813247,"w":-0.9987563490867615},"size":372.671630859375,"orthographic":false}