{"cameraMode":{"drawMode":0,"name":"Shaded","section":"Shading Mode"},"sceneLighting":true,"audioPlay":false,"sceneViewState":{"showFog":true,"showMaterialUpdate":false,"showSkybox":true,"showFlares":true,"showImageEffects":true,"showParticleSystems":true,"showVisualEffectGraphs":true,"m_FxEnabled":true},"in2DMode":false,"pivot":{"x":309.0663146972656,"y":194.90493774414063,"z":-14.600433349609375},"rotation":{"x":-0.14726285636425019,"y":0.03648865222930908,"z":0.005436460953205824,"w":0.9884095788002014},"size":194.56898498535157,"orthographic":false}