{"cameraMode":{"drawMode":0,"name":"Shaded","section":"Shading Mode"},"sceneLighting":true,"audioPlay":false,"sceneViewState":{"showFog":true,"showMaterialUpdate":false,"showSkybox":true,"showFlares":true,"showImageEffects":true,"showParticleSystems":true,"showVisualEffectGraphs":true,"m_FxEnabled":true},"in2DMode":false,"pivot":{"x":-0.6777303218841553,"y":5.040798187255859,"z":18.296850204467775},"rotation":{"x":-0.2132565677165985,"y":-0.041011907160282138,"z":0.008962701074779034,"w":-0.9761008024215698},"size":14.219627380371094,"orthographic":false}