{"cameraMode":{"drawMode":0,"name":"Shaded","section":"Shading Mode"},"sceneLighting":true,"audioPlay":false,"sceneViewState":{"showFog":true,"showMaterialUpdate":false,"showSkybox":true,"showFlares":true,"showImageEffects":true,"showParticleSystems":true,"showVisualEffectGraphs":true,"m_FxEnabled":true},"in2DMode":false,"pivot":{"x":-3.9441211223602297,"y":3.6973910331726076,"z":2.316215991973877},"rotation":{"x":0.04662182554602623,"y":0.08319354802370072,"z":-0.0038798749446868898,"w":0.9954478144645691},"size":4.844084739685059,"orthographic":false}