{"cameraMode":{"drawMode":0,"name":"Shaded","section":"Shading Mode"},"sceneLighting":true,"audioPlay":false,"sceneViewState":{"showFog":true,"showMaterialUpdate":false,"showSkybox":true,"showFlares":true,"showImageEffects":true,"showParticleSystems":true,"showVisualEffectGraphs":true,"m_FxEnabled":true},"in2DMode":false,"pivot":{"x":-1.1294713020324708,"y":2.4840705394744875,"z":3.3967771530151369},"rotation":{"x":-0.04127630591392517,"y":-0.07396902143955231,"z":-0.00306416442617774,"w":0.9964014887809753},"size":4.105562210083008,"orthographic":false}