{"cameraMode":{"drawMode":0,"name":"Shaded","section":"Shading Mode"},"sceneLighting":true,"audioPlay":false,"sceneViewState":{"showFog":true,"showMaterialUpdate":false,"showSkybox":true,"showFlares":true,"showImageEffects":true,"showParticleSystems":true,"showVisualEffectGraphs":true,"m_FxEnabled":true},"in2DMode":false,"pivot":{"x":12.665980339050293,"y":-10.604764938354493,"z":171.8553924560547},"rotation":{"x":-0.05303937941789627,"y":-0.03774627670645714,"z":0.001965838950127363,"w":-0.9979731440544128},"size":98.45571899414063,"orthographic":false}