{"cameraMode":{"drawMode":0,"name":"Shaded","section":"Shading Mode"},"sceneLighting":false,"audioPlay":false,"sceneViewState":{"showFog":true,"showMaterialUpdate":false,"showSkybox":false,"showFlares":true,"showImageEffects":true,"showParticleSystems":true,"showVisualEffectGraphs":true,"m_FxEnabled":true},"in2DMode":false,"pivot":{"x":-0.043703339993953708,"y":-0.021513942629098893,"z":1.4583357572555543},"rotation":{"x":0.01612331159412861,"y":-0.9716421365737915,"z":0.0694911777973175,"w":0.2254505753517151},"size":0.4330126941204071,"orthographic":false}