{"cameraMode":{"drawMode":0,"name":"Shaded","section":"Shading Mode"},"sceneLighting":false,"audioPlay":false,"sceneViewState":{"showFog":true,"showMaterialUpdate":false,"showSkybox":false,"showFlares":true,"showImageEffects":true,"showParticleSystems":true,"showVisualEffectGraphs":true,"m_FxEnabled":true},"in2DMode":false,"pivot":{"x":-0.27681827545166018,"y":-0.044614214450120929,"z":0.07064855843782425},"rotation":{"x":0.05475578457117081,"y":-0.7608065605163574,"z":0.06474684178829193,"w":0.6434190273284912},"size":0.4330126941204071,"orthographic":false}