{"cameraMode":{"drawMode":0,"name":"Shaded","section":"Shading Mode"},"sceneLighting":false,"audioPlay":false,"sceneViewState":{"showFog":true,"showMaterialUpdate":false,"showSkybox":false,"showFlares":true,"showImageEffects":true,"showParticleSystems":true,"showVisualEffectGraphs":true,"m_FxEnabled":true},"in2DMode":false,"pivot":{"x":0.7744193077087402,"y":1.525673747062683,"z":-2.3026256561279299},"rotation":{"x":0.06028033420443535,"y":-0.8577641844749451,"z":0.10342887789011002,"w":0.49992579221725466},"size":2.6073176860809328,"orthographic":true}